location,site_name,latitude,longitude,survey_id,block,size_class,total,number
Batemans,Acron Ledge,-35.7203,150.24788999999998,812331182.5,1,0,35.75,0.715
Batemans,Aragunnu Southern Bay,-36.58472,150.05333000000002,912345043.5,1.5,0,160,3.2
Batemans,Barren Bommie,-36.13559,150.12916,912347104.3333334,1.5,0,131.5,2.6300000000000003
Batemans,Belowla Island South West,-35.55425,150.38896,812331242.5,1,0,176,3.52
Batemans,Bingi Bingi Point,-36.01291,150.16603,912348425.3,1.25,6.875,8,0.16
Batemans,Bingi Bingi Point Nth,-36.01152,150.16517,912353838.5,1,11.25,1.5,0.03
Batemans,Bogola North,-36.26173,150.15152,912353822.5,1,29.375,119.75,2.395
Batemans,Broulee Headland East,-35.862,150.18527,912344018.5,1.5,0,137.25,2.745
Batemans,Broulee Is South,-35.86214,150.18729,812331362.5,1,0,126.75,2.535
Batemans,Broulee Island,-35.86079,150.18594,812331372.5,1,0,54.75,1.095
Batemans,Broulee North,-35.85507,150.19207,879006459.1666666,1.3333333333333333,0,249.16666666666666,4.983333333333333
Batemans,Brush Island East,-35.530187,150.424206,912353858.5,1,10,518.25,10.365
Batemans,Brush Island Mid North,-35.52617,150.41713,812331152.5,1,0,185.75,3.715
Batemans,Brush Island Mid South,-35.53148,150.41545,812331232,1,0,227,4.54
Batemans,Brush Island South,-35.53337,150.41589,812331162.3333334,1,0,65.33333333333333,1.3066666666666666
Batemans,Brush Island South West,-35.53292,150.41296,812331222.5,1,0,49.5,0.99
Batemans,Burrewarra Point,-35.83132,150.23346999999998,812331352.5,1,0,107.5,2.15
Batemans,Burrewarra Point NW,-35.83002,150.2319,912344366.3333334,1.5,0,243.08333333333334,4.861666666666666
Batemans,Burrewarra Pt S,-35.83455,150.22347,912353862.5,1,15,89,1.78
Batemans,Caulerpa Reef,-35.74794,150.26006,912344018,1.5,0,84,1.68
Batemans,Clear Point (Old Snapper Point),-35.59893,150.34278999999998,812331212.5,1,0,108.5,2.17
Batemans,Dalmeny point N of ramp,-36.16112,150.13343,912353834.5,1,16.25,28.75,0.575
Batemans,Dalmeny point S of ramp off Joshs Beach,-36.16932,150.13612,912353810.5,1,23.125,213.75,4.2749999999999995
Batemans,Flat Rock South,-35.68546,150.30408,812331132.5,1,0,124.25,2.485
Batemans,Fullers,-36.26133,150.1492,912344020.5,1.5,0,112,2.24
Batemans,Garden Point,-35.78389,150.23465,879006452.8333334,1.3333333333333333,0,137,2.7399999999999998
Batemans,Guerilla Bay Island South,-35.8259,150.22657,912344018.3,1.5,0,125.875,2.5175
Batemans,Honeysuckle Bay,-35.71223,150.27862,862337087.3,1.25,0,199.375,3.9875
Batemans,Horseshoe Bay East,-36.42343,150.07957,912344025.5,1.5,0,101,2.02
Batemans,Jimmies Is S,-35.81929,150.23638,912353866.5,1,21.25,224.5,4.49
Batemans,Jimmies Island,-35.81672,150.2343,812331312.5,1,0,162.75,3.255
Batemans,Jones Beach Bannisters Point,-35.32211,150.48372,912344058,1.5,0,149.5,2.99
Batemans,Kiola Gulch,-35.60594,150.33823,812331202.5,1,0,36,0.72
Batemans,Kiola Point,-35.56335,150.387586,912353854.5,1,21.25,216.5,4.33
Batemans,Lilly Pilly North,-35.77133,150.23296000000002,812331272.5,1,0,123,2.46
Batemans,M2 Heaven,-35.90916,150.16253,912348448.3,1.25,11.875,245.25,4.905
Batemans,Montague Is East,-36.2485,150.22827,912347280.1666666,1.3333333333333333,8.125,282.9166666666667,5.658333333333332
Batemans,Montague Is NW shallow bay,-36.24482,150.22451,912344018,1.625,0,215.25,4.305
Batemans,Montague Island North,-36.24802,150.22517,912353798.5,2,18.75,132.25,2.645
Batemans,Montague Island North West Inner,-36.24267,150.22491000000002,912353814.5,1,25,365.75,7.3149999999999995
Batemans,Montague Island South West,-36.25803,150.22185,912353826.5,1,13.75,468.75,9.375
Batemans,Montague Island mid inner,-36.25163,150.22206,912353818.5,1,33.75,420.75,8.415
Batemans,Moruya South Head E,-35.9072,150.16286000000002,912353842.5,1,26.875,50.75,1.0150000000000001
Batemans,Mullimburra Point,-35.99157,150.15918,912353847.5,1,27.5,162,3.24
Batemans,North Head,-35.72235,150.27454,812331172.5,1,0,105,2.1
Batemans,Ohara Mountain Gully,-35.57202,150.36928,812331192.5,1,0,16.75,0.335
Batemans,Potato Point - Bills Bommie,-36.09276,150.13934,912353275,1.5,0,79.5,1.5899999999999999
Batemans,Pretty Point,-35.80453,150.23346999999998,862342581.5,1,9.0625,126.25,2.525
Batemans,Pretty Point NW,-35.80183,150.23382,912344013,1.5,0,126.25,2.525
Batemans,Pretty Point North,-35.80019,150.2369,812331282.5,1,0,130.75,2.615
Batemans,Richmond Point,-35.69019,150.29786,812331112.5,1,0,121,2.42
Batemans,Shag Rock SW,-35.98556,150.15759,912343045,1.5,0,497.5,9.95
Batemans,Shark Gutter NE Tollgates,-35.75012,150.26203999999998,812331252.5,1,0,153.5,3.07
Batemans,The Gantry Bawley Point,-35.50474,150.39611000000002,917873341,1.75,0,10.75,0.215
Batemans,Tollgates Outer Mid Bay,-35.75073,150.25915,812331322.5,1,0,154,3.08
Batemans,Wasp Island,-35.66796,150.31036,812331122.5,1,0,188.75,3.775
Batemans,West Longnose Point,-35.83457,150.20885,887341100.1,1.375,0,96.125,1.9225
Batemans,Whale Bay,-35.83289,150.22128,912344365,1.5,0,107.16666666666667,2.143333333333333
Batemans,Yellow Rock,-35.72811,150.2645,812331262.5,1,0,130.5,2.61
Beware Reef,Auckland,-37.81905,148.78351,912347860.8809525,1.5,0,21.3452381,0.4269047619047619
Beware Reef,E. Cape Conran Bommie,-37.8034,148.74957,912345688,1.5,0,4,0.08
Beware Reef,East Pearl Point,-37.78976,148.89565,912345882.5,1.5,0,3,0.06
Beware Reef,Nth East Beware Reef (Ridge Park),-37.81811,148.78479,912344496.8333334,1.5,0,48.47222222222222,0.9694444444444444
Beware Reef,Nth Pinnacle,-37.82143,148.78645,912345561.5,1.5,0,38.25,0.765
Beware Reef,Ridge Park,-37.81828,148.7838,912349238.3,1.5,0,43.260000000000005,0.8652000000000001
Beware Reef,Seal Gully,-37.81963,148.78596000000002,912346029.7,1.5,0,29.45,0.589
Beware Reef,Southern Flat,-37.82302,148.78972,912344607,1.5,0,38,0.76
Bicheno,Binalong Bay Gulches,-41.24842,148.31056,923401956.1,1.25,7.1875,13.375,0.2675
Bicheno,"Blow Hole, Bicheno",-41.88012,148.30983999999998,866023185.0416666,1,7.916666666666667,2.5416666666666665,0.050833333333333335
Bicheno,Halfway Point,-41.90329,148.31631000000002,923401731.5,1,11.25,2,0.04
Bicheno,North Governor Isle,-41.86954,148.31363000000002,866023170.4583334,1,6.736111111111111,14.041666666666666,0.2808333333333333
Bicheno,South East Governor Isle,-41.87447,148.31433,866023167.5555555,1,9.027777777777779,12.25,0.245
Bicheno,Waubs Bay,-41.86864,148.30344,866023178.7777778,1,14.583333333333334,11.694444444444443,0.2338888888888889
Byron,Anemone mooring Julien Rocks,-28.611,153.62831,912354762,1.5,0,37.5,0.75
Byron,Elwoods Mooring Julien Rocks,-28.6128,153.62873000000002,912354763,1.5,0,17.25,0.34500000000000003
Cape Howe,Gabo Boulder Bay,-37.564,149.9179,712300631,2,0,19,0.38
Cape Howe,Gabo Harbour,-37.55564,149.90763,912347899.3333334,1.5,6.875,61.333333333333336,1.2266666666666668
Cape Howe,Gabo NE Gulch,-37.5532,149.912,812327668.5,1.75,6.25,22.375,0.4475
Cape Howe,Howe Border,-37.50712,149.97857,912354707.5,1.5,25,43.5,0.87
Cape Howe,Howe Central,-37.50784,149.9761,912354713.5,1.5,8.75,4.25,0.085
Cape Howe,Howe Outer,-37.50853,149.9761,712300621.5,2,0,54,1.08
Cape Howe,Howe West,-37.50987,149.9735,912354715,1,0,1,0.02
Cape Howe,Monumental City Wreck,-37.55917,149.84433,912345201,1.25,0,36.25,0.7250000000000001
Cod Grounds,Cod Gardens (CODGAR),-31.68128,152.91078000000002,917873931.5,1.5,8.4375,85.375,1.7075
Cod Grounds,Cod Grounds Pinnacles,-31.68254,152.90945,917873935.8333333,1.5,5,137.95833333333334,2.7591666666666663
Cod Grounds,Geek Flats (667),-31.6807,152.90872,917873934.5,1.5,0.9375,109.125,2.1825
Cod Grounds,Nth of Pinnacles (662),-31.68207,152.90948,917873938.5,1.5,0.9375,85.125,1.7025000000000001
Cod Grounds,SE lumps (66A),-31.68406,152.90851,917873936.5,1.5,5.3125,102.5,2.05
Cod Grounds,SW flats (66B),-31.68309,152.90585,917873935.8,1.5,0.9375,124.5,2.49
Cod Grounds,Steves Bommie (668),-31.68152,152.91196000000002,917873931.3,1.75,0.625,25.25,0.505
Cod Grounds,Z - 1 - 28 (M2-28),-31.71699,152.88253999999998,912346110,2,0,2,0.04
Cod Grounds,Z - 3 (666),-31.70804,152.90093000000002,923401752,1,15,4,0.08
D'Entrecasteaux & Derwent,Hales Farm,-43.04371,147.34192,923401207,1,5,2,0.04
D'Entrecasteaux & Derwent,Little Penguin Point,-43.35424,147.17931000000002,812326624,1,0,22,0.44
Eden,Cave Point,-37.11518,149.96511999999998,912345047,1.5,0,78.5,1.5699999999999998
Eden,Merimbula Wharf,-36.89951,149.92772,923402084.5,1.5,10,93.5,1.8699999999999999
Gold Coast,Kirra Reef,-28.16269,153.53081,923400690,1,0,12,0.24
Great Sandy,Wolf Rock,-25.90016,153.18356,912343353,2,0,10,0.2
Jervis Bay,Blenheim Beach,-35.08513,150.69402,912351429.6666667,1.5833333333333335,0,34.166666666666664,0.6833333333333332
Jervis Bay,Bowen Island NW,-35.11272,150.7672,903691914.7407408,1.4197530864197532,1.3888888888888888,107.80401234567901,2.1560802469135805
Jervis Bay,Bowens Island SW,-35.12113,150.76416,899362557.7916666,1.3333333333333333,1.25,147.125,2.9425000000000003
Jervis Bay,Bristol Pt,-35.13438,150.72665,903691915.5509259,1.4027777777777777,0.7754629629629629,51.862037037037034,1.037240740740741
Jervis Bay,Callala,-35.00885,150.73106,812330151.5,1,0,1.5,0.03
Jervis Bay,Callala Reef West,-35.01242,150.71651,812330122,1,0,10,0.19999999999999998
Jervis Bay,Captains Pt,-35.12097,150.70789,901219064.9404762,1.3698979591836733,2.1768707482993195,39.849489795918366,0.7969897959183674
Jervis Bay,Currarong,-35.00885,150.82606,912351456,1.5,0,50,1
Jervis Bay,Dart Point East (Grouper Coast South),-35.07469,150.77344,899638973.3571428,1.5,0,46.107142857142854,0.9221428571428572
Jervis Bay,Dent Rock,-35.07172,150.69007,915112386,1.5,0,87.125,1.7425000000000002
Jervis Bay,Drum & Drum Sticks,-35.04592,150.83943,912349617.0138888,1.5,0.6944444444444444,103.11111111111111,2.062222222222222
Jervis Bay,Drum and Drumstick,-35.0478,150.83995,862342417.9,1.25,0.3125,231.5,4.63
Jervis Bay,Drum and Drumstick North (Gumgetters),-35.04068,150.83386000000002,812330292.5,1,0,118.25,2.3649999999999998
Jervis Bay,GREEN POINT (GREEN ISLAND),-35.0162,150.76486,886377860,1.3333333333333333,0,43.875,0.8775
Jervis Bay,Governors Head Caves,-35.13933,150.76538,912344710.5,1.5,0,123.1875,2.46375
Jervis Bay,Greenfield Beach Nth,-35.09058,150.69409,898443015.2083334,1.4027777777777777,0.20833333333333334,33.875,0.6775000000000001
Jervis Bay,Heart Rock,-35.02945,150.84005,912344670.5,1.5,2.34375,53,1.06
Jervis Bay,Hole in the Wall,-35.13301,150.74768,923402008,1,10,25.333333333333332,0.5066666666666667
Jervis Bay,Honeymoon Bay 150 m North (Bindajine Point),-35.05592,150.77559,812330322,1,0,73.33333333333333,1.4666666666666668
Jervis Bay,Honeymoon Bay 1km Sth,-35.0661,150.77299,879006765,1.3333333333333333,0,21.666666666666668,0.43333333333333335
Jervis Bay,Honeymoon Bay 300m South,-35.05942,150.77499,900283666.8888888,1.4375,0.10416666666666667,74.52777777777779,1.4905555555555556
Jervis Bay,Hyams Beach (Chinamans Reef),-35.09912,150.69589,867866088.5,1.25,7.1875,44.625,0.8925
Jervis Bay,Hyams Beach HPZ,-35.10028,150.69423999999998,912351452.3,1.625,0,18.5,0.37
Jervis Bay,Hyams Beach SZ,-35.10039,150.69521,912350403.5,1.5,0,87.5,1.75
Jervis Bay,Longnose Point East,-35.07954,150.77962,912346621,1.5,0,107,2.1399999999999997
Jervis Bay,Longnose Point North,-35.07879,150.77982,862336824.5,1.25,0,75.5625,1.51125
Jervis Bay,Longnose Point South,-35.08182,150.77778999999998,812330192.5,1,0,114,2.2800000000000002
Jervis Bay,Montagu Point,-35.02708,150.77568,812330172.5,1,0,57.75,1.155
Jervis Bay,Murrays Reef,-35.12393,150.75235,896764675.7,1.4166666666666665,0,79.20833333333333,1.5841666666666667
Jervis Bay,Murrays Reef Jetty,-35.1257,150.75189,912345051.5,1.5,0,53.5,1.0699999999999998
Jervis Bay,North Steamer's Head,-35.17555,150.74376999999998,912344702.5,1.5,0.9375,99.3125,1.98625
Jervis Bay,Nursery steps,-35.11295,150.76568999999998,916034509.4166666,1.5416666666666667,0,51.916666666666664,1.0383333333333333
Jervis Bay,Outer Tubes,-35.08773,150.79898,899363205.0444444,1.4000000000000001,0,97.20694444444445,1.944138888888889
Jervis Bay,Plantation Point North,-35.07022,150.69838,892869246.3,1.34375,0,28.95625,0.579125
Jervis Bay,Plantation Point South,-35.07227,150.69913,865102237.4,1.25,0,70.4375,1.40875
Jervis Bay,Pyramid Rock D1,-35.02667,150.84697,912344678.5,1.5,0,87.8125,1.75625
Jervis Bay,Scottish Rocks,-35.13488,150.74251,923401584.1,1.25,0,31.875,0.6375
Jervis Bay,South Lamond,-35.0586,150.84152,912344686.5,1.5,0.15625,129.625,2.5925
Jervis Bay,St George's Point,-35.19763,150.69947,912344718.5,1.5,0,100.5625,2.01125
Jervis Bay,Steamer's Head,-35.17962,150.74783,912344694.5,1.4375,0,68.375,1.3675000000000002
Jervis Bay,Tapalla Point (Husky Reef),-35.0355,150.67966,812330132.3333334,1,0,18,0.36000000000000004
Jervis Bay,The Docks 1 The Gulch,-35.08142,150.79731999999998,899639821.8088436,1.4285714285714286,0,143.30034013605442,2.8660068027210883
Jervis Bay,The Docks 2 Inner Tubes,-35.07993,150.793,900428348.7821429,1.4285714285714286,0,122.16785714285713,2.443357142857143
Jervis Bay,The Docks 3 North Black Boat Cove,-35.07768,150.79224,899363199.0694445,1.4166666666666667,0,114.99652777777777,2.2999305555555556
Kent Group,Curtis Island (South West),-39.48049,146.6454,812331812.6666666,1,10,1,0.02
Kent Group,Curtis Island (mid South East),-39.473,146.64893,812330313,1,11.25,1,0.02
Kent Group,"Deal Island (Garden Cove, mid East Shore)",-39.45399,147.32967,812330492.5,1,39.6875,10.25,0.20500000000000002
Kent Group,Deal Island (Jetty Bay),-39.46937,147.31013000000002,812330362.5,1,35.625,22.9375,0.45875
Kent Group,Deal Island (Murray Pass),-39.46125,147.31422,812330367.5,1,27.1875,13.5,0.27
Kent Group,Deal Island North East,-39.45989,147.34656,812330412.5,1,30,8.5,0.17
Kent Group,Dover Island (West Coast),-39.4653,147.28708,862335824.5,1.25,15.625,5.8125,0.11625000000000002
Kent Group,Dover Island Isthmus,-39.46457,147.29466000000002,845667763.5,1.1666666666666667,11.666666666666666,25.916666666666668,0.5183333333333334
Kent Group,East Island,-39.21384,147.02143999999998,812330347.8,1,11.25,1,0.02
Kent Group,Erith Island North,-39.44366,147.28526000000002,812330350,1,32.5,9.25,0.185
Kent Group,Erith Island North East,-39.44067,147.2971,845667770.5555557,1.2777777777777777,14.166666666666666,3.8888888888888893,0.077777778
Kent Group,Erith Island North West,-39.44352,147.27727,812331743,1,9.166666666666666,1.6666666666666667,0.033333333
Kent Group,"Erith Island, Murray Passage",-39.449,147.30203,845667792.6587301,1.142857142857143,33.333333333333336,22.642857142857142,0.45285714285714285
Kent Group,"Erith Island, Murray Passage, Eastern side of Bay opposite site 12 on Western Shore of Bay)",-39.44478,147.30122,845667778.5,1.1666666666666667,21.770833333333332,55.6875,1.11375
Kent Group,Hogan Island (North Beach),-39.21515,146.99239,845667776.8444444,1.111111111111111,9.166666666666666,2.1333333333333333,0.042666666666666665
Kent Group,Hogan Island (South Beach Headland),-39.21909,146.99556,812331892.5,1,13.125,6.5,0.13
Kent Group,Hogan Island (South Beach),-39.21917,146.99239,812330337.8,1,20.833333333333336,2.708333333333333,0.054166667
Kent Group,Hogan Island (Tunnel Beach),-39.22592,146.97951,812328803,1,12.5,1,0.02
Kent Group,Karatine Bay,-39.49496,147.33053999999998,845667795.5,1.1666666666666667,23.125,76.54166666666667,1.5308333333333335
Kent Group,North East Island,-39.44677,147.37743999999998,812330445.6666667,1,32.70833333333333,18.75,0.375
Kent Group,"Squally Cove (Karatine Bay East, mid East Coast)",-39.49295,147.34215,845667856.1666666,1.1875,26.25,18.479166666666668,0.3695833333333334
Kent Group,Winter Cove inner South Shore,-39.47374,147.35158,845667868.8333334,1.1666666666666667,27.395833333333332,25.395833333333332,0.5079166666666667
Maria Island,Darlington North,-42.57658,148.06207,912352792,1,10,1,0.02
Maria Island,Fossil Cliffs,-42.57373,148.08046000000002,812331494,1,37.5,7,0.14
Maria Island,Fossil Cliffs (East),-42.58321,148.10759,812331528.8,1,32.5,22.4,0.44800000000000006
Maria Island,Green Bluff,-42.72014,148.01146,860807231.7424241,1,9.924242424242424,3.803030303030303,0.076060606
Maria Island,Ile du Nord,-42.5623,148.06735,860807235.1363636,1,13.37121212121212,19.454545454545453,0.3890909090909091
Maria Island,Magistrates Point North,-42.58268,148.0546,860807368.1363636,1,7.462121212121212,2.0454545454545454,0.040909091
Maria Island,Magistrates Point South,-42.58626,148.0519,865102437.4,1,8.802083333333334,2,0.04
Maria Island,Okehampton Bay,-42.52398,147.96925,812327481,1,0,2,0.04
Maria Island,Painted Cliffs,-42.59211,148.05035,847511696.8333334,1,3.75,1.1666666666666667,0.023333333333333334
Maria Island,Painted Cliffs South (Four Mile Reef),-42.6025,148.04628,867878083.7619047,1.0476190476190477,4.821428571428571,2.119047619047619,0.042380952
Maria Island,Point Holme Lookout,-42.55305,147.94814,848124916.4259259,1,7.037037037037037,3.453703703703704,0.069074074
Maria Island,Return Point,-42.62899,148.02431,845669989.6666666,1,4.166666666666667,1,0.02
Maria Island,Spring Beach,-42.58359,147.91566,812328828,1,5,1,0.02
Moreton,Amity Point,-27.40026,153.43747,917878472.5,1.5,0,1.5,0.03
Moreton,Amity Point Nth,-27.39602,153.4379,912354765,1,0,1,0.02
Moreton,Flat Rock,-27.38898,153.55097,917878472,1,0,12.5,0.25
Moreton,Shag Rock,-27.41351,153.52518999999998,912354773,1.5,0,6,0.12
Moreton,Shag Rock Sth,-27.41422,153.52683000000002,917878468.1666667,1.25,0,13.833333333333334,0.27666666666666667
Moreton,Shark Gutters,-27.39135,153.55399,923401423.5,1.25,0,10.25,0.205
NSW - Central,Bouddi – Caves Bay,-33.52436,151.415,912350012.3,1.5,0,63.375,1.2675
NSW - Central,Bouddi – Maitland Bay,-33.52987,151.3943,912350010.8,1.5,0,35.375,0.7075
NSW - Central,Dragon Alley,-33.57888,151.3315,912348235,1.5,0,60.666666666666664,1.2133333333333334
NSW - Central,Terrigal Haven,-33.4465,151.44971,912349286.6666666,1.5,0,149.5,2.9899999999999998
NSW - Central,The Ovens,-33.6178,151.34,912350783.5,1.5,0,116.75,2.335
NSW - South,Bushranger Bay Bass Point,-34.59816,150.90116,912347476.1666666,1.5,0,139.30555555555557,2.7861111111111114
NSW - South,"Maloneys Bay, Shellharbour",-34.59866,150.88808999999998,912344772,1,0,110,2.2
NSW - South,"The Gutter, Shell Harbour",-34.59259,150.898,912350763.8,1.5,0,178.75,3.575
Ninepin Point,"Central, Ninepin",-43.28394,147.16666999999998,923401953,1,0,3,0.06
Port Davey,Sarah Island,-43.33056,145.99501,912342643,1,0,1,0.02
Port Davey,South Whalers Point,-43.30334,145.91718999999998,912353102,1,10,1,0.02
Port Stephens,Barrys Park,-32.74881,152.1746,912349445.2,1.5,0,111.1,2.222
Port Stephens,Blanch Reserve,-32.78852,152.08338,912350666,1.5,0,17,0.34
Port Stephens,Boat Harbour North,-32.78755,152.11426,914190625.9166666,1.5833333333333333,0,38.958333333333336,0.7791666666666667
Port Stephens,Boat Harbour South,-32.7892,152.1125,915112480.4166666,1.515625,0,83.08333333333333,1.6616666666666666
Port Stephens,Boondlebah Island Gutter,-32.70883,152.22794,912347400.9,1.5,0,297.45,5.949
Port Stephens,Boondlebah Island West,-32.708,152.225,912347329.9,1.5,0,245.125,4.9025
Port Stephens,Boulder Bay,-32.76,152.172,912346801.5,1.5,0,195,3.9
Port Stephens,Cabbage Tree Island East,-32.68916,152.22723,912346616.6,1.5,0,65.875,1.3175000000000001
Port Stephens,Cabbage Tree Island North East,-32.68705,152.22834,912347659,1.5,0,127.25,2.545
Port Stephens,Cabbage Tree Island West,-32.68884,152.22218,912348045.2821429,1.5,0.26785714285714285,93.77619047619048,1.8755238095238096
Port Stephens,Cabbage Tree N2,-32.68479,152.22542,912346801.3,1.5,0,196.75,3.9349999999999996
Port Stephens,Coal Shaft Bay,-32.62024,152.31198,912343075,1.5,0,18,0.36
Port Stephens,Cod Rock,-32.6288,152.3111,912344442.5,1.5,0,88,1.76
Port Stephens,Coral Gardens,-32.68551,152.22243999999998,912348166.3,1.5,0,169.8,3.396
Port Stephens,Dutchies,-32.7184,152.13383000000002,912343005,1.5,0,7,0.14
Port Stephens,Elephant Rock,-32.61527,152.32665,914558230.8666666,1.5,0,70.2,1.404
Port Stephens,Esmeralda Cove,-32.62094,152.31691,912344452,1.5,0,80.5,1.6099999999999999
Port Stephens,Fingal Bay Point - West,-32.74782,152.17318,916035714.5,1.5,0,38.05555555555556,0.7611111111111111
Port Stephens,Fingal Island Sanctuary,-32.75,152.194,912346819.8,1.5,0,384.375,7.6875
Port Stephens,Fingal Island West,-32.7416,152.19148,912343714,1.5,0,277.25,5.545
Port Stephens,Fishermans bay west,-32.7901,152.09246000000002,912343074,1.5,0,147.5,2.95
Port Stephens,Fly Point Nelson Bay,-32.71446,152.15183000000002,914559689.2916666,1.2583333333333333,0.625,3.0791666666666666,0.061583333
Port Stephens,Governers Wharf (Fingal Island),-32.74057,152.19493,912348064.6952381,1.5,0,203.88095238095238,4.077619047619048
Port Stephens,Halifax Park,-32.70976,152.15925,914358635.4799784,1.5429112554112552,0.6581439393939393,67.15892857142858,1.3431785714285716
Port Stephens,Kingsley Arch,-32.79163,152.11009,912343073,2,0,3,0.06
Port Stephens,Lighthouse Bay,-32.74499,152.20363999999998,912344976,1.5,0,55.583333333333336,1.1116666666666668
Port Stephens,Little Beach West,-32.71333,152.15713,912348047.1944445,1.486111111111111,0,1.777777777777778,0.035555555555555556
Port Stephens,Looking Glass,-32.629,152.3155,912346026.0833333,1.5,0,94.58333333333334,1.8916666666666666
Port Stephens,NE North Rock,-32.59917,152.32404,912346452.1333334,1.5,0,122.41666666666667,2.4483333333333333
Port Stephens,Nth Shark Gutters,-32.6183,152.33433,914189239.1666666,1.5,0,79.70833333333333,1.594166666666667
Port Stephens,Pipeline,-32.71802,152.14133,912347216.1428572,1.8571428571428572,1.4285714285714286,1.2857142857142858,0.025714285714285714
Port Stephens,Providence Beach,-32.61277,152.31383,912343235.5,1.75,0,11,0.22
Port Stephens,Seahorse gardens,-32.71515,152.15036,912350312.5,1,0,2,0.04
Port Stephens,Tomaree Head Tubes,-32.71161,152.18483,912347005.0666666,1.5,0,250.86666666666667,5.017333333333333
Port Stephens,W Nth Rock,-32.59919,152.32061000000002,912346971.6111112,1.25,0,28.805555555555554,0.5761111111111111
Port Stephens - North,Little Seal Rock,-32.47408,152.54706,923401019,1.5,0,37,0.74
Port Stephens - North,No. 1 Beach Point,-32.42925,152.52658,923401021,1.5,0,16,0.32
Port Stephens - North,Sawtooth Rocks,-32.4465,152.54162,923401017,1.5,0,26.5,0.53
Port Stephens - North,Status Rock East,-32.43224,152.53657,923401018,1,0,5,0.1
Port Stephens - North,Status Rock mid-west side,-32.43224,152.53494,923401020,1.5,0,115,2.3
Port Stephens - North,Western Big Seal Rock,-32.46229,152.55264,923401022,1.5,0,34.5,0.69
Solitary Islands,Anemone Bay N Solitary Is,-29.92314,153.38808999999998,914559121.9,1.55,0,63.05,1.261
Solitary Islands,Buchanans Wall,-30.20701,153.26527,912350953.3333334,1.5,0,126.33333333333333,2.526666666666667
Solitary Islands,Canyons North Solitary,-29.9251,153.38679,912348875.3333334,1.5,0,28.833333333333332,0.5766666666666667
Solitary Islands,Cleaner Station,-30.2019,153.2676,914192264.5833334,1.5,0,115.04166666666667,2.3008333333333333
Solitary Islands,Eastern Bay Sth Solitary,-30.20451,153.26781,912346854,1.5,0,37.375,0.7475
Solitary Islands,Elbow Cave Mooring N Solitary Is,-29.93044,153.38984,912348438.1,1.4375,0,79.4375,1.5887499999999999
Solitary Islands,Manta Arch,-30.20261,153.26844,912350842.5,1.5,0,49,0.98
Solitary Islands,Manta Mooring NW Solitary Is,-30.01765,153.2692,914806439.7685186,1.5,0.3472222222222222,45.15277777777778,0.9030555555555555
Solitary Islands,Mattys Mooring NW Solitary Is,-30.01876,153.26976000000002,913731783.9,1.5,0,63.4375,1.26875
Solitary Islands,Muttonbird Island,-30.3036,153.15132,912353135,1.75,0,1,0.02
Solitary Islands,North Boulder Wall S Solitary Is,-30.20167,153.26635,912349329.3,1.5,0.3125,157.25,3.1449999999999996
Solitary Islands,North Rock,-29.97515,153.25885,912350844.5,1.25,0,9.5,0.19
Solitary Islands,Pimpernel Rock,-29.69808,153.39755,917874124.5833333,1.5833333333333335,6.25,104.54166666666667,2.0908333333333333
Solitary Islands,SW Solitary,-30.15932,153.2257,913455747.7,1.5,0,95.8,1.9159999999999997
Solitary Islands,SW Solitary North Mooring,-30.15196,153.22807,913455747.5,1.5,0,171.8,3.436
Solitary Islands,South Boulder Wall,-30.20228,153.26581000000002,912348834.4,1.5,0,201.85,4.037
Solitary Islands,Split Solitary East,-30.24156,153.18265,912350463.7,1.5,0,95.65,1.9129999999999998
Solitary Islands,Surgeons Reef,-30.00751,153.27028,912350826,1.5,0,96.6875,1.93375
Solitary Islands,The Gantry S Solitary Is,-30.20432,153.26482,914560552.5,1.5,0,124.5,2.4899999999999998
Solitary Islands,Turtle cove,-30.24208,153.17998,912350463.2,1.45,0,54,1.08
Solitary Islands,Woolgoolga Beach,-30.1078,153.2042,923400003,2,0,1,0.02
Solitary Islands,Woolgoolga Point,-30.1082,153.2125,912353944,1.5,0,6,0.12
Swansea,Elephant Rock Barrens,-41.2537,148.3397,912353277,1.5,28.75,88,1.76
Swansea,Elephant Rock Kelp Bed,-41.2538,148.3387,912353278,1.5,30,8,0.16
Swansea,Sloop Rock Barrens,-41.2103,148.2942,912353279,1,22.5,87,1.74
Swansea,Sloop Rock Kelp Bed,-41.2103,148.2934,912353280,1.5,6.25,4,0.08
Swansea,St. Helens Island Barrens,-41.3434,148.343,912353873,1.5,26.25,73,1.46
Swansea,St. Helens Island Kelp Bed,-41.34389,148.3428,912353283,2,400,6,0.12000000000000001
Sydney,BLUE FISH POINT - NORTH HEAD SYDNEY,-33.80646,151.30526,913929453.1428572,1.5357142857142858,0.13392857142857142,98.66071428571429,1.9732142857142858
Sydney,Bare Island,-33.99293,151.23183999999998,915111448.3333334,1.5,0,135.36458333333334,2.707291666666667
Sydney,Bare Island North,-33.99142,151.23078,913179188.6,1.5,0,180.58333333333334,3.611666666666667
Sydney,Bare Island South,-33.99276,151.2304,912350128.3333334,1.5,0,133.93055555555554,2.678611111111111
Sydney,Bare Island West Reef,-33.99297,151.2298,912352144,1.5,0,17.5,0.35
Sydney,Boat Harbour inside reserve,-34.0411,151.20152,912348518,1.5,0,75.66666666666667,1.5133333333333334
Sydney,Camp Cove NE,-33.8388,151.27905,912877182.1904762,1.5,0,132.23809523809524,2.6447619047619044
Sydney,Camp Cove middle reef,-33.83931,151.27774,913986137.5740741,1.5,0,123.22685185185186,2.464537037037037
Sydney,Cape Banks - Cruwee Cove,-33.99922,151.24748,912348512.8333334,1.4166666666666667,0,129,2.58
Sydney,Chowder Bay,-33.84166,151.25396999999998,912351665,1.5,0,92.5,1.85
Sydney,Chowder Bay Jetty,-33.8395,151.25458999999998,912353419,1.5,0,18.5,0.37
Sydney,Clifton Gardens Wharf,-33.83975,151.2535,912353426,1.25,0,13.5,0.27
Sydney,Dobroyd Head,-33.81322,151.27238,912349713.6666666,1.5,0,85.58333333333334,1.711666666666667
Sydney,Fairlight,-33.80097,151.27415,914805285.5462964,1.5,0.069444444,98.96296296296296,1.9792592592592593
Sydney,Fairlight Point,-33.801,151.27573999999998,915112070.9166666,1.5,0.546875,142.72916666666666,2.8545833333333333
Sydney,Fairy Bower,-33.79961,151.29308,913730838.6,1.5,0.10416666666666667,42.760416666666664,0.8552083333333333
Sydney,Freshwater,-33.78242,151.29447,912353984.5,1.5,0,46.25,0.9249999999999999
Sydney,Georges Head,-33.83785,151.26138999999998,912353991,1.5,0,175,3.5
Sydney,Gordons Bay,-33.9165,151.2645,915113400.5,1.5,0,3.25,0.065
Sydney,Green Point Camp Cove,-33.84011,151.27749,914805990.7685186,1.4861111111111112,0,119.60185185185186,2.3920370370370367
Sydney,Henrys Head,-33.99745,151.23702,923401896,1.5,0,32.5,0.65
Sydney,Inside North Head,-33.81802,151.28518,913577397.0925926,1.5,0,102.27777777777777,2.0455555555555556
Sydney,Inside South Head,-33.83304,151.27898000000002,912347325.4,1.5625,0,73.5,1.47
Sydney,Kurnell - The Steps,-34.00254,151.22562,912350924.8888888,1.4583333333333333,0,82.20833333333333,1.6441666666666668
Sydney,Little Bay,-33.97953,151.25226,912346581,1.5,0,18.5,0.37
Sydney,Long Bay South,-33.96811,151.25522,912348698.5,1.5,0,120,2.4
Sydney,Long Reef Basin,-33.73524,151.30736000000002,912347949.3,1.5,0,55.25,1.105
Sydney,Middle Head North East,-33.8234,151.26768,914557403.8,1.5,0,70.25,1.405
Sydney,Middle Head Sth,-33.82827,151.26574,914359505.7121212,1.5,0,89.34848484848486,1.7869696969696969
Sydney,Middle Head Sth 2,-33.83036,151.26378,913928092.2857143,1.5,0,235.10714285714286,4.702142857142857
Sydney,Neilsen Park East,-33.8497,151.26734,912349022.3,1.625,0,99.25,1.9849999999999999
Sydney,Neilson Bay,-33.85205,151.26396,912353259.5,1.5,0,78.75,1.5750000000000002
Sydney,North Bondi,-33.89414,151.28281,912353982.5,1.5,0,197.5,3.9499999999999997
Sydney,Oak Park,-34.06999,151.15745,915114230.8333334,1.4583333333333333,0,93.25,1.865
Sydney,Old Mans Hat,-33.8214,151.2903,914559772.7316666,1.5,0.25,104.32416666666668,2.0864833333333332
Sydney,Shark Point South,-33.91562,151.27166,912350809,1.5,0,29.5,0.5900000000000001
Sydney,Shelley Beach North,-33.79927,151.29616,913577363.8148148,1.5,0,128.2888888888889,2.5657777777777775
Sydney,Shelly Beach,-33.80047,151.29531,915507366.0714285,1.2857142857142858,0,3,0.060000000000000005
Sydney,Shiprock Wall,-34.06915,151.12998000000002,915507658.8571428,1.3571428571428572,0,2.4285714285714284,0.048571429
Sydney,South Clovelly,-33.91589,151.26877,914192381.4583334,1.5,0,29.354166666666668,0.5870833333333333
Sydney,South Maroubra,-33.9538,151.26133000000002,912350779.6666666,1.5,0,106.66666666666667,2.1333333333333333
Sydney,Steel Point,-33.85595,151.26602,912350437,1.5,0,2.5,0.05
Sydney,The Blocks,-33.8241,151.2972,914805992.6296296,1.5,0,162.29166666666666,3.245833333333333
Sydney,The Gap,-33.84282,151.28583999999998,914191527.1666666,1.5,0.20833333333333334,31.166666666666668,0.6233333333333334
Tasmania - North East ,Binalong Bay,-41.24639,148.31609,812331672.5,1,55,16.25,0.325
Tasmania - North East ,Ile de Phoque S of main cave,-42.41193,148.16201999999998,912344079.5,1.5,0,22.25,0.44499999999999995
Tasmania - North East ,Schouten 1,-42.31115,148.23512,812331654,1,12.5,1,0.02
Tasmania - North East ,Skeleton Bay East,-41.25041,148.32396,812331702.5,1,58.75,66,1.3199999999999998
Tasmania - North East ,"Skeleton Bay West, 10m",-41.24904,148.31802,812331712.3333334,1,68.33333333333333,17,0.34
Tasmania - North East ,Skeleton Rk East,-41.24843,148.33106999999998,812331681.5,1,70,40,0.8
Tasmania - North East ,"St Helens Point, 10m",-41.27299,148.35394,812331692,1,25,12.666666666666666,0.25333333333333335
Tasmania - South East,Bivouac Bay,-43.12291,147.97423,923400916,1,10,2,0.04
Tasmania - South East,Cape Paul Lamanon,-42.84232,147.91786000000002,912353303,1.5,20,22.5,0.45
Tasmania - South East,Cathedral,-43.06577,147.95526,912348679.6666666,1.3333333333333333,4.166666666666667,1.3333333333333333,0.026666667
Tasmania - South East,Deep Glen Bay,-42.97152,147.99326000000002,912347569.6666666,1.6666666666666667,0,4.666666666666667,0.093333333
Tasmania - South East,Fortescue Bay,-43.13064,147.96057,886378526,1.6666666666666667,5.277777777777778,2.2222222222222223,0.044444444444444446
Tasmania - South East,Fortescue Bay 2,-43.1392,147.9679,912353853,1.5,16.875,21.75,0.43500000000000005
Tasmania - South East,Fortescue Kelp Forest,-43.13768,147.96908,923401545.3611112,1.5277777777777777,15.277777777777779,12.86111111111111,0.25722222222222224
Tasmania - South East,Fortescue central,-43.12954,147.96036999999998,912350680.5,1.75,10.625,14.25,0.28500000000000003
Tasmania - South East,Isle of the Dead,-43.14849,147.86937,812331070,1,29.5,10.6,0.21200000000000002
Tasmania - South East,Lanterns Seal Haul-out,-43.13989,148.00169,923400911,1.5,10,21,0.42000000000000004
Tasmania - South East,Mistaken Cape,-42.64622,148.16322,912344080.5,1.5,0,25.25,0.5050000000000001
Tasmania - South East,Moorina Bay,-43.24943,147.41947,923400122,1,10,2,0.04
Tasmania - South East,North Bay Research Area,-42.87221,147.95178,912353304,2,10,6,0.12
Tasmania - South East,Outer Lanterns,-43.13521,148.0096,912351659,1.5,0,155,3.1
Tasmania - South East,Outer Sister,-42.95965,148.00566,912349030,1.5,3.125,14.5,0.29000000000000004
Tasmania - South East,Outside Canoe Bay N,-43.1259,147.95976000000002,912354436,1.5,15,1.5,0.03
Tasmania - South East,Port Arthur Heads,-43.18807,147.89404,912345707,2,0,1,0.02
Tasmania - South East,Port Arthur Jetty,-43.14698,147.85385,912345709,1,0,1,0.02
Tasmania - South East,Port Arthur/Stewarts Bay,-43.13749,147.86636,812331102.5,1,10,1,0.02
Tasmania - South East,The Thumbs,-43.10662,147.98339,912346316,1.25,0,57.5,1.15
Tasmania - South East,Trumpeter Bay South,-43.16618,147.40436,923400071,1,7.5,1,0.02
Tasmania - South East,Two Mile Beach,-42.86948,147.95836,812331092.5,1,53.75,33.75,0.675
Tasmania - South East,Variety Bay South ,-43.20444,147.41701,923400054,1,12.5,1,0.02
Tasmania - South East,Waterfall Bay caves,-43.06304,147.95447,912344087,2,0,1,0.02
Victoria - North east,Bastion Point Mallacoota,-37.57328,149.7673,912342979,1.5,0,26,0.52
Victoria - North east,Betka River,-37.59055,149.74108,912344552,1.5,0,98,1.96
Victoria - North east,Tip Beach Reef,-37.57758,149.76285,912346758,1.5,0,12,0.24
